{"train/box_loss": 0.07381561398506165, "train/obj_loss": 0.015775181353092194, "train/cls_loss": 0.0, "metrics/precision": 0.0, "metrics/recall": 0.0, "metrics/mAP_0.5": 0.0, "metrics/mAP_0.5:0.95": 0.0, "val/box_loss": 0.11256659030914307, "val/obj_loss": 0.0188254676759243, "val/cls_loss": 0.0, "x/lr0": 0.00013958934932695866, "x/lr1": 0.00013958934932695866, "x/lr2": 0.09873958934932696, "_timestamp": 1715623974.3670998, "_runtime": 131.0552167892456, "_step": 2, "Mosaics": {"_type": "images/separated", "width": 1280, "height": 1280, "format": "jpg", "count": 10, "filenames": ["media/images/Mosaics_2_74169a6a03fa3731b356.jpg", "media/images/Mosaics_2_3df75fd5315fd37ae1ba.jpg", "media/images/Mosaics_2_3efc523cdf9ad4ac5436.jpg", "media/images/Mosaics_2_6af26d82c2ebf4ec0aaf.jpg", "media/images/Mosaics_2_9a7ed274ef9ca62e4b6c.jpg", "media/images/Mosaics_2_2ffd08c09ff40fefbc06.jpg", "media/images/Mosaics_2_769f9ff4cd77e3e9acd7.jpg", "media/images/Mosaics_2_5400b1d4201d02922efd.jpg", "media/images/Mosaics_2_d374370a30807788114a.jpg", "media/images/Mosaics_2_88a726266fe2cef2e55f.jpg"], "captions": ["train_batch3.jpg", "train_batch0.jpg", "train_batch5.jpg", "train_batch2.jpg", "train_batch7.jpg", "train_batch8.jpg", "train_batch9.jpg", "train_batch4.jpg", "train_batch1.jpg", "train_batch6.jpg"]}, "_wandb": {"runtime": 142}}